{"ml_accuracy": 0.988641425389755, "nn_accuracy": 0.9701558947563171, "confusion_matrix": [[4202, 45], [57, 4676]]}